# tag	action_to_undo	original_commit
v0.13.7	restore	2bf4838a4976cae5faa65712ea6467b9bb485685
v0.13.8	restore	0d460bee26c6971953fda7edf1de82b7ba9d465a
v0.13.9	restore	c176bbd8aa6b8663c8aabf0fb7a65c69288d044a
v0.14.0	restore	b812df17ed3da1db7691e20e539ec30449adcb62
v0.14.1	restore	7ced0028a5182e2bfd73251a6e9c31d578707c66
v0.14.2	restore	5c30be12a29689f58123c232888e4e8dde0ccc61
v0.14.3	restore	b30752bdd343137b73165173da4c8d60a43a31aa
v0.15.0	restore	50720cd89a4f7f39d4be2e88fde3616c84917e73
v0.15.1	restore	0b592ca2ef39be6df2f346559c6eec382f189a15
v0.15.2	restore	6027c9a47922e71212d5811781de79f2f2ec4869
v0.15.3	restore	2ab9980c84c91d626303a08bc8799f9801656cec
v0.15.4	restore	2b29c0e4e931a5e4fbad2757b463d2ae02690733
v0.16.0	restore	9d12651ef54df22e54f8283ff46f63191ab9a800
v0.16.1	restore	3f6fceb61165bba3d0ca0d13426a56220f77e0de
v0.16.2	restore	e9471eedea33beb773e7c62ac5c784c7ebd034c4
v0.16.3	restore	1a680d0ae93a1f0590a3a443472b1e0a0c7c3f39
v0.16.4	restore	0eb935f47b80993db20f550981b98dd9253fa6c3
v0.16.5	restore	77d184dae20760c44dbabafc85e26527fe69039c
v0.17.0	restore	ed23dd3f819047731020f6596c9e74ee38db83a3
v0.17.1	restore	b110eeccbbc8b81b1d5b3956a084ef0031ea0425
v0.17.10	restore	dde3fe900bf59eeeee5c73c4d5d4cc8845ac9200
v0.17.11	restore	ef950f45ab2500d106e488de41d1eaa9920b16ed
v0.17.12	restore	7a5104eea2b70496f8ff3beb4a3e689128be0f2b
v0.17.2	restore	0314680d088485854accf1c4aae9385d85d0295a
v0.17.3	restore	75d8a2eaed9f06b8a2b85003ffb584294e400a71
v0.17.4	restore	1f5001c931dd99afa6a40f861f5311c43f604447
v0.17.5	restore	1f36ec55a0b02c18ad4023b1bdbb9c6aef406dd4
v0.17.6	restore	76c6690f12a678e020cb298a9dc5343bf8e49b25
v0.17.7	restore	549a33d33b2b11eb9bfc4079381de422be51d13f
v0.17.8	restore	4be0d79f33aed710cf0f5123e755b4e34f32aa8d
v0.17.9	restore	bc9e29568494d56deaba393dc51fe79a58b3f458
v0.18.0	restore	726d93252f66a5afea406b814f6928100c64e0f2
v0.18.1	restore	a1c38003fb4cc9a24f3ff8d4542d6c28a9454fa7
v0.18.2	restore	a63eddb5c784edba0063f5bb9e98f5d8747b15b6
v0.18.3	restore	f53fb6dbe2593c39bdac4cc6a3ced63943a67c95
v0.18.4	restore	4b541f28b879122d202f416dfd23226f419ed03c
v0.18.5	restore	66c6a9f3223e49caff493ab86ba9286fa128c6d0
v0.18.6	restore	73a96e18551171c4144d6b4459a8fd82fbc3c306
v0.18.7	restore	27995adc086bb3d3e9faf82aa3cf0cb19dd8aa61
v0.18.8	restore	5d9b6d9027eec5b60ce3ad79b9e603d714332414
v0.19.0	restore	b412e4533263646ab03115da98cddd6999529ab2
v0.19.1	restore	44e150507acf5c0548d4c72e5d0fae7a16bf075a
v0.19.2	restore	9f07c03d8efb7a91442d95d7013c304c26a11468
v0.20.0	restore	f1e77826670fb38794b441f08ea153808ba06a1d
v0.20.1	restore	a124bab167e647690e309f23b8efd20963f9c67f
v1.0.0	restore	2b2b6d99a9f1bf232d9c7396b25390913d5f2b18
v1.0.2	restore	5bbd4009e1a473a48631a0bd53f3d3b6464038ca
v1.0.3	restore	d6377acf3113b8fa91a952409e81e4ac9ef0717c
v1.1.0	restore	37d1a7187e642e7ce89f3613b3ea71f2362818cc
v1.1.1	restore	3f5a4fa4ffe21c7142d957a7ba5108ec77574d73
v1.1.2	restore	121c55bd3630a455af044b55e5311d8193199d92
v1.1.3	restore	5c557757b180a82c9321a8b9a071da5a7dc3648a
v1.1.4	restore	72ea33b1f70831c7ec3af60a9584309e3a7f11c3
v1.2.0	restore	e0da78ee66388d5555389b648c6c7319ccdd07bb
v1.3.0	restore	4453fcf920be2a329a7d089a178d90ef9716a894
v1.4.0	restore	fa584e60458d34ca46185ba6737a0a34dbfde2c0
v1.4.1	restore	5e0e5aab8d6cdffd8889cd30ef8569bcfb148cde
v1.4.2	restore	d520a5906fab89baa4ff2dbc1d4011f3cd281aa5
v2.0.0	restore	7bdda50ef0b0ab14f52f38948728e968a0f0364b
v2.0.1	restore	b028bf3b072c070ae42d508af39892d737409ee8
v2.0.2	restore	791c92fb47115fc9aa491f9c4d2fb230024bde8b
v2.0.3	restore	d7dddc1fac242a06ca89d18780d694d6349b8948
v2.0.4	restore	518c4014bd4dd7efb277c57c5dc7a56362ddf10c
v2.1.0	restore	934c35be6b677209a2bd5b4b61435f0bc912c12c
v3.0.0	restore	353190d94ec90a0d9e0995d86eb50a35df85b523
v3.0.1	restore	6f69b49ef2ffc5c2a95196268ed0aa1b34450dfd
v3.0.2	restore	2f90edfb1300f905fcc306528d84141460dce208
v3.0.3	restore	f6fdd390de50183ba6c659c20a4d257c6e13c8a2
v3.1.0	restore	d48d842c49b94e111b56fead03c0774b22bb3163
v3.1.1	restore	f404395dd4157889d6529f2702f5fe7b098d11a6
v3.1.2	restore	d6fb2dceaaf79bbc39728ed4b9a2f61763bf2559
v3.1.3	restore	f328cb0f284de6252c553ca4b9ee13278074cd9a
v3.1.4	restore	26c571fff9466291bd06d563d0932c5e332fd5bd
v3.1.5	restore	411b355055bde2de1b25d71a5b1f01e6da4e908a
v3.2.0	restore	ef3c337b66ed2e4c00f252f252df0864dd42095e
v3.3.0	restore	f679ced981f40d56af12982596a25efdf5b028c0
v3.3.1	restore	da3f60a28c998b490493484696e914121ddc5f87
v3.3.2	restore	b14c1f9d86e334f37bd1747257a8717efdd96e01
v3.4.0	restore	4984eee69a11268819831ff585ccf6966f898f89
v3.4.1	restore	ac6af44ab9d3f31d2dfce73f39fcc0279e61e960
v0.19.3	delete	-
v0.19.4	delete	-
v0.20.2	delete	-
v0.20.3	delete	-
v1.0.1	delete	-
v10.0.0	delete	-
v10.0.1	delete	-
v10.0.2	delete	-
v10.0.3	delete	-
v10.1.0	delete	-
v10.10.0	delete	-
v10.11.0	delete	-
v10.2.0	delete	-
v10.3.0	delete	-
v10.3.1	delete	-
v10.4.0	delete	-
v10.5.0	delete	-
v10.6.0	delete	-
v10.7.0	delete	-
v10.8.0	delete	-
v10.9.0	delete	-
v11.0.0	delete	-
v11.0.1	delete	-
v11.1.0	delete	-
v11.2.0	delete	-
v12.0.0	delete	-
v12.0.1	delete	-
v12.0.2	delete	-
v12.1.0	delete	-
v12.10.0	delete	-
v12.11.0	delete	-
v12.12.0	delete	-
v12.13.0	delete	-
v12.14.0	delete	-
v12.15.0	delete	-
v12.16.0	delete	-
v12.17.0	delete	-
v12.17.1	delete	-
v12.17.2	delete	-
v12.17.3	delete	-
v12.17.4	delete	-
v12.2.0	delete	-
v12.3.0	delete	-
v12.4.0	delete	-
v12.4.1	delete	-
v12.5.0	delete	-
v12.5.1	delete	-
v12.6.0	delete	-
v12.7.0	delete	-
v12.8.0	delete	-
v12.8.1	delete	-
v12.9.0	delete	-
v13.0.0	delete	-
v13.1.0	delete	-
v13.10.0	delete	-
v13.11.0	delete	-
v13.12.0	delete	-
v13.13.0	delete	-
v13.13.1	delete	-
v13.13.2	delete	-
v13.13.3	delete	-
v13.14.0	delete	-
v13.14.1	delete	-
v13.14.2	delete	-
v13.15.0	delete	-
v13.15.1	delete	-
v13.15.2	delete	-
v13.16.0	delete	-
v13.16.1	delete	-
v13.17.0	delete	-
v13.2.0	delete	-
v13.3.0	delete	-
v13.3.1	delete	-
v13.3.2	delete	-
v13.3.3	delete	-
v13.4.0	delete	-
v13.5.0	delete	-
v13.5.1	delete	-
v13.6.0	delete	-
v13.6.1	delete	-
v13.6.2	delete	-
v13.6.3	delete	-
v13.6.4	delete	-
v13.6.5	delete	-
v13.6.6	delete	-
v13.7.0	delete	-
v13.7.1	delete	-
v13.7.2	delete	-
v13.7.3	delete	-
v13.8.0	delete	-
v13.8.1	delete	-
v13.9.0	delete	-
v14.0.0	delete	-
v14.0.1	delete	-
v14.0.2	delete	-
v14.0.3	delete	-
v14.1.0	delete	-
v14.2.0	delete	-
v14.2.1	delete	-
v14.3.0	delete	-
v14.3.1	delete	-
v14.3.2	delete	-
v14.3.3	delete	-
v14.4.0	delete	-
v14.4.1	delete	-
v14.5.0	delete	-
v14.5.1	delete	-
v14.5.2	delete	-
v14.5.3	delete	-
v14.5.4	delete	-
v15.0.0	delete	-
v15.1.0	delete	-
v15.10.0	delete	-
v15.11.0	delete	-
v15.12.0	delete	-
v15.13.0	delete	-
v15.13.1	delete	-
v15.14.0	delete	-
v15.14.1	delete	-
v15.14.2	delete	-
v15.15.0	delete	-
v15.16.0	delete	-
v15.17.0	delete	-
v15.18.0	delete	-
v15.18.1	delete	-
v15.19.0	delete	-
v15.2.0	delete	-
v15.20.0	delete	-
v15.20.1	delete	-
v15.21.0	delete	-
v15.3.0	delete	-
v15.4.0	delete	-
v15.5.0	delete	-
v15.6.0	delete	-
v15.7.0	delete	-
v15.7.1	delete	-
v15.8.0	delete	-
v15.8.1	delete	-
v15.8.2	delete	-
v15.9.0	delete	-
v3.5.0	delete	-
v3.6.0	delete	-
v3.6.1	delete	-
v3.7.0	delete	-
v3.8.0	delete	-
v3.8.1	delete	-
v3.8.2	delete	-
v3.8.3	delete	-
v4.0.0	delete	-
v4.0.1	delete	-
v4.0.2	delete	-
v4.1.0	delete	-
v4.10.0	delete	-
v4.11.0	delete	-
v4.12.0	delete	-
v4.12.1	delete	-
v4.2.0	delete	-
v4.3.0	delete	-
v4.4.0	delete	-
v4.4.1	delete	-
v4.5.0	delete	-
v4.6.0	delete	-
v4.7.0	delete	-
v4.8.0	delete	-
v4.9.0	delete	-
v5.0.0	delete	-
v5.1.0	delete	-
v5.2.0	delete	-
v5.3.0	delete	-
v5.4.0	delete	-
v5.5.0	delete	-
v5.6.0	delete	-
v6.0.0	delete	-
v6.0.1	delete	-
v6.1.0	delete	-
v6.2.0	delete	-
v6.2.1	delete	-
v6.3.0	delete	-
v6.4.0	delete	-
v6.5.0	delete	-
v6.6.0	delete	-
v6.7.0	delete	-
v6.7.1	delete	-
v6.8.0	delete	-
v6.9.0	delete	-
v6.9.1	delete	-
v7.0.0	delete	-
v7.0.1	delete	-
v7.1.0	delete	-
v7.2.0	delete	-
v7.3.0	delete	-
v7.4.0	delete	-
v7.5.0	delete	-
v7.6.0	delete	-
v7.7.0	delete	-
v8.0.0	delete	-
v8.1.0	delete	-
v8.2.0	delete	-
v8.3.0	delete	-
v8.3.1	delete	-
v8.4.0	delete	-
v8.4.1	delete	-
v8.5.0	delete	-
v8.6.0	delete	-
v8.7.0	delete	-
v9.0.0	delete	-
v9.1.0	delete	-
v9.1.1	delete	-
v9.2.0	delete	-
v9.2.1	delete	-
v9.3.0	delete	-
v9.3.1	delete	-
v9.4.0	delete	-
v9.4.1	delete	-
v9.5.0	delete	-
v9.5.1	delete	-
v9.5.2	delete	-
v9.5.3	delete	-
v9.5.4	delete	-
v9.6.0	delete	-
v9.6.1	delete	-
v9.7.0	delete	-
